{
  "format_version": "1.10.0",
  "animation_controllers": {
    "controller.animation.jumping": {
      "states": {
        "default": {
          "transitions": [
            {
              "scroll": "query.is_jumping"
            }
          ],
          "on_exit": ["/tag @s add jumping"]
        },
        "scroll": {
          "transitions": [
            {
              "default": "!query.is_jumping"
            }
          ],
          "on_exit": ["/tag @s remove jumping"]
        }
      }
    }
  }
}
