{
    "format_version": "1.10.0",
    "animation_controllers": {
        "controller.animation.sneaking": {
            "states": {
                "default": {
                    "transitions": [
                        {
                            "scroll": "query.is_sneaking"
                        }
                    ],
                    "on_exit": [
                        "/tag @s add sneaking"
                    ]
                },
                "scroll": {
                    "transitions": [
                        {
                            "default": "!query.is_sneaking"
                        }
                    ],
                    "on_exit": [
                        "/tag @s remove sneaking"
                    ]
                }
            }
        }
    }
}