{
  "format_version": "1.18.0",
  "minecraft:item": {
    "description": {
      "identifier": "rubedo:gui"
    },
    "components": {
      "minecraft:max_stack_size": 1,
      "minecraft:allow_off_hand": true,
      "minecraft:foil": true,
      "minecraft:icon": {
        "texture": "diamond"
      },
      "minecraft:display_name": {
        "value": "§b§lSTAFF GUI§r\n§eRight Click Me"
      },
      "minecraft:on_use": {
        "on_use": {
          "event": "rubedo:on_use"
        }
      },
      "minecraft:cooldown": {
        "category": "gui",
        "duration": 0.1
      }
    }
  }
}
