{
  "format_version": "1.17.10",
  "minecraft:entity": {
    "description": {
      "identifier": "minecraft:player",
      "is_spawnable": true,
      "is_summonable": true,
      "is_experimental": false,
      "animations": {
        "digging": "controller.animation.digging",
        "eating": "controller.animation.eating",
        "gliding": "controller.animation.gliding",
        "ground": "controller.animation.ground",
        "jumping": "controller.animation.jumping",
        "levitating": "controller.animation.levitating",
        "moving": "controller.animation.moving",
        "riding": "controller.animation.riding",
        "swimming": "controller.animation.swimming",
        "using_item": "controller.animation.using_item",
        "sneaking": "controller.animation.sneaking"
      },
      "scripts": {
        "animate": [
          "digging",
          "eating",
          "gliding",
          "ground",
          "jumping",
          "levitating",
          "moving",
          "riding",
          "swimming",
          "using_item",
          "sneaking"
        ]
      }
    },
    "component_groups": {
      "rubedo:spawn_inventory": {
        "minecraft:spawn_entity": {
          "entities": {
            "min_wait_time": 0,
            "max_wait_time": 0,
            "spawn_entity": "rubedo:tamed_inventory",
            "single_use": true,
            "num_to_spawn": 1
          }
        }
      },
      "kick": {
        "minecraft:explode": {
          "breaks_blocks": false,
          "power": 0,
          "fuse_lit": true
        }
      },
      "spectator": {
        "minecraft:scale": {
          "value": 0.0
        }
      },
      "minecraft:add_bad_omen": {
        "minecraft:spell_effects": {
          "add_effects": [
            {
              "effect": "bad_omen",
              "duration": 6000,
              "display_on_screen_animation": true
            }
          ]
        },
        "minecraft:timer": {
          "time": [0.0, 0.0],
          "looping": false,
          "time_down_event": {
            "event": "minecraft:clear_add_bad_omen",
            "target": "self"
          }
        }
      },
      "minecraft:clear_bad_omen_spell_effect": {
        "minecraft:spell_effects": {}
      },
      "minecraft:raid_trigger": {
        "minecraft:raid_trigger": {
          "triggered_event": {
            "event": "minecraft:remove_raid_trigger",
            "target": "self"
          }
        },
        "minecraft:spell_effects": {
          "remove_effects": "bad_omen"
        }
      }
    },
    "components": {
      "minecraft:damage_sensor": {
        "triggers": [
          {
            "on_damage": {
              "filters": {
                "all_of": [
                  {
                    "test": "has_tag",
                    "subject": "self",
                    "value": "protected"
                  }
                ]
              }
            },
            "deals_damage": false
          },
          {
            "on_damage": {
              "filters": {
                "any_of": [
                  {
                    "test": "has_tag",
                    "subject": "self",
                    "value": "region-protected"
                  },
                  {
                    "test": "has_tag",
                    "subject": "other",
                    "value": "region-protected"
                  }
                ]
              }
            },
            "deals_damage": false
          }
        ]
      },
      "minecraft:type_family": {
        "family": ["player"]
      },
      "minecraft:is_hidden_when_invisible": {},
      "minecraft:loot": {
        "table": "loot_tables/empty.json"
      },
      "minecraft:collision_box": {
        "width": 0.6,
        "height": 1.8
      },
      "minecraft:can_climb": {},
      "minecraft:movement": {
        "value": 0.1
      },
      "minecraft:hurt_on_condition": {
        "damage_conditions": [
          {
            "filters": {
              "test": "in_lava",
              "subject": "self",
              "operator": "==",
              "value": true
            },
            "cause": "lava",
            "damage_per_tick": 4
          }
        ]
      },
      "minecraft:attack": {
        "damage": 1
      },
      "minecraft:player.saturation": {
        "value": 20
      },
      "minecraft:player.exhaustion": {
        "value": 0,
        "max": 4
      },
      "minecraft:player.level": {
        "value": 0,
        "max": 24791
      },
      "minecraft:player.experience": {
        "value": 0,
        "max": 1
      },
      "minecraft:breathable": {
        "total_supply": 15,
        "suffocate_time": -1,
        "inhale_time": 3.75,
        "generates_bubbles": false
      },
      "minecraft:nameable": {
        "always_show": true,
        "allow_name_tag_renaming": false
      },
      "minecraft:physics": {},
      "minecraft:pushable": {
        "is_pushable": false,
        "is_pushable_by_piston": true
      },
      "minecraft:insomnia": {
        "days_until_insomnia": 3
      },
      "minecraft:rideable": {
        "seat_count": 2,
        "family_types": ["parrot_tame"],
        "pull_in_entities": true,
        "seats": [
          {
            "position": [0.4, -0.2, -0.1],
            "min_rider_count": 0,
            "max_rider_count": 0,
            "lock_rider_rotation": 0
          },
          {
            "position": [-0.4, -0.2, -0.1],
            "min_rider_count": 1,
            "max_rider_count": 2,
            "lock_rider_rotation": 0
          }
        ]
      },
      "minecraft:conditional_bandwidth_optimization": {},
      "minecraft:block_climber": {},
      "minecraft:environment_sensor": {
        "triggers": [
          {
            "filters": {
              "all_of": [
                {
                  "test": "has_mob_effect",
                  "subject": "self",
                  "value": "bad_omen"
                },
                {
                  "test": "is_in_village",
                  "subject": "self",
                  "value": true
                }
              ]
            },
            "event": "minecraft:trigger_raid"
          },
          {
            "filters": {
              "all_of": [
                {
                  "test": "has_container_open"
                }
              ]
            },
            "event": "rubedo:has_container_open"
          },
          {
            "filters": {
              "none_of": [
                {
                  "test": "has_container_open"
                }
              ]
            },
            "event": "rubedo:dosent_have_container_open"
          }
        ]
      }
    },
    "events": {
      "rubedo:becomeAdmin": {},
      "rubedo:spawn_inventory": {
        "add": {
          "component_groups": ["rubedo:spawn_inventory"]
        }
      },
      "rubedo:has_container_open": {
        "run_command": {
          "command": ["tag @s add has_container_open"]
        }
      },
      "rubedo:dosent_have_container_open": {
        "run_command": {
          "command": ["tag @s remove has_container_open"]
        }
      },
      "kick": {
        "add": {
          "component_groups": ["kick"]
        },
        "remove": {
          "component_groups": ["kick"]
        }
      },
      "addSpectator": {
        "add": {
          "component_groups": ["spectator"]
        }
      },
      "removeSpectator": {
        "remove": {
          "component_groups": ["spectator"]
        }
      },
      "minecraft:gain_bad_omen": {
        "add": {
          "component_groups": ["minecraft:add_bad_omen"]
        }
      },
      "minecraft:clear_add_bad_omen": {
        "remove": {
          "component_groups": ["minecraft:add_bad_omen"]
        },
        "add": {
          "component_groups": ["minecraft:clear_bad_omen_spell_effect"]
        }
      },
      "minecraft:trigger_raid": {
        "add": {
          "component_groups": ["minecraft:raid_trigger"]
        }
      },
      "minecraft:remove_raid_trigger": {
        "remove": {
          "component_groups": ["minecraft:raid_trigger"]
        }
      }
    }
  }
}
